size,time
100,0.0014760494232177734
500,0.0012183189392089844
1000,0.0014355182647705078
5000,0.0011675357818603516
